{"cameraMode":{"drawMode":0,"name":"Shaded","section":"Shading Mode"},"sceneLighting":true,"audioPlay":false,"sceneViewState":{"m_AlwaysRefresh":false,"showFog":true,"showSkybox":true,"showFlares":true,"showImageEffects":true,"showParticleSystems":true,"showVisualEffectGraphs":true,"m_FxEnabled":true},"in2DMode":false,"pivot":{"x":-9.595026969909668,"y":3.800725221633911,"z":-2.5656423568725588},"rotation":{"x":0.0032059606164693834,"y":0.9295396208763123,"z":0.008078140206634999,"w":-0.3687896430492401},"size":3.2998626232147219,"orthographic":false}