{"cameraMode":{"drawMode":0,"name":"Shaded","section":"Shading Mode"},"sceneLighting":true,"audioPlay":false,"sceneViewState":{"m_AlwaysRefresh":false,"showFog":true,"showSkybox":true,"showFlares":true,"showImageEffects":true,"showParticleSystems":true,"showVisualEffectGraphs":true,"m_FxEnabled":true},"in2DMode":false,"pivot":{"x":-4.980000019073486,"y":3.890000104904175,"z":5.300000190734863},"rotation":{"x":0.021369777619838716,"y":0.9527857303619385,"z":-0.06901702284812927,"w":0.29504677653312685},"size":0.8660253882408142,"orthographic":false}