{"cameraMode":{"drawMode":0,"name":"Shaded","section":"Shading Mode"},"sceneLighting":true,"audioPlay":false,"sceneViewState":{"m_AlwaysRefresh":false,"showFog":true,"showSkybox":true,"showFlares":true,"showImageEffects":true,"showParticleSystems":true,"showVisualEffectGraphs":true,"m_FxEnabled":true},"in2DMode":false,"pivot":{"x":-18.57711410522461,"y":6.113021373748779,"z":-10.453325271606446},"rotation":{"x":0.01337322685867548,"y":0.9137018918991089,"z":0.030162548646330835,"w":-0.4050647020339966},"size":12.613409042358399,"orthographic":false}