{"cameraMode":{"drawMode":0,"name":"Shaded","section":"Shading Mode"},"sceneLighting":true,"audioPlay":false,"sceneViewState":{"showFog":true,"showMaterialUpdate":false,"showSkybox":true,"showFlares":true,"showImageEffects":true,"showParticleSystems":true},"in2DMode":false,"pivot":{"x":-2.1701979637145998,"y":-0.7216882705688477,"z":5.580970287322998},"rotation":{"x":-0.47251975536346438,"y":0.021950971335172654,"z":-0.011775633320212365,"w":-0.8809753060340881},"size":11.668912887573243,"orthographic":false}