{"cameraMode":{"drawMode":0,"name":"Shaded","section":"Shading Mode"},"sceneLighting":true,"audioPlay":false,"sceneViewState":{"m_AlwaysRefresh":false,"showFog":true,"showSkybox":true,"showFlares":true,"showImageEffects":true,"showParticleSystems":true,"showVisualEffectGraphs":true,"m_FxEnabled":true},"in2DMode":false,"pivot":{"x":389.50018310546877,"y":150.89999389648438,"z":-0.0000095367431640625},"rotation":{"x":-0.004190129693597555,"y":0.010494273155927658,"z":0.00004381610415293835,"w":0.9999401569366455},"size":81.39411926269531,"orthographic":false}